id,title,content,commets,description,demo
1,demo,this is a demo content,this is a demo commets,this is a demo description,gfg
2,demo,this is a demo content,this is a demo commets,this is a demo description,fff
3,demo,this is a demo content,this is a demo commets,this is a demo description,yfu
4,demo,this is a demo content,this is a demo commets,this is a demo description,
5,demo,this is a demo content,this is a demo commets,this is a demo description,ytfytf
6,demo,this is a demo content,this is a demo commets,this is a demo description,hgftf
7,demo,this is a demo content,this is a demo commets,this is a demo description,ft
8,demo,this is a demo content,this is a demo commets,this is a demo description,ytfytf
9,test,tttttttttt,gfgfg,fgfgf,
